Dieta,Malla 10%
C. LEVANTE VR P.,0.12
C. LEVANTE VR P.,0.08
C. LEVANTE VR P.,0.24
C. LEVANTE VR P.,0.4
C. LEVANTE VR P.,0.12
FINALIZADOR VR.,0.16
FINALIZADOR VR.,0.12
FINALIZADOR VR.,0.12
FINALIZADOR VR.,0.4
FINALIZADOR VR.,0.08
FINALIZADOR VR.,0.24
C. LEVANTE VR P.,0.04
C. LEVANTE VR P.,0.08
C. LEVANTE VR P.,0.04
C. LEVANTE VR P.,0.04
C. LEVANTE VR P.,0.04
C.ENGORDE ESP VR.,0.12
LEVANTE R ESP VR,0.12
FINALIZADOR VR.,0.12
LEVANTE R ESP VR,0.24
LEVANTE R ESP VR,0.12
LEVANTE R ESP VR,0.12
LEVANTE R ESP VR,
LEVANTE R ESP VR,0.08
C. LEVANTE VR P.,0.92
C. LEVANTE VR P.,0.12
C. LEVANTE VR P.,0.12
C. LEVANTE VR P.,0.32
C. LEVANTE VR P.,0.12
C. LEVANTE VR P.,0.04
C. LEVANTE VR P.,0.23
C. LEVANTE VR P.,0.32
C. LEVANTE VR P.,0.46
FINALIZADOR VR.,0.34
FINALIZADOR VR.,0.54
FINALIZADOR VR.,0.12
FINALIZADOR VR.,0.16
FINALIZADOR VR.,0.24
FINALIZADOR VR.,0.32
FINALIZADOR VR.,0.12
C.ENGORDE ESP VR.,0.22
C.ENGORDE ESP VR.,0.04
LEVANTE R ESP VR,0.08
LEVANTE R ESP VR,0.08
C. LEVANTE VR P.,0.08
C. LEVANTE VR P.,0.12
C. LEVANTE VR P.,0.24
C. LEVANTE VR P.,0.28
FINALIZADOR VR.,
FINALIZADOR VR.,0.2
FINALIZADOR VR.,0.2
C. LEVANTE VR P.,0.28
C. LEVANTE VR P.,0.1
C. LEVANTE VR P.,0.16
C. LEVANTE VR P.,0.4
C. LEVANTE VR P.,0.2
C. LEVANTE VR P.,0.28
C.ENGORDE ESP VR.,0.2
C.ENGORDE ESP VR.,0.24
C.ENGORDE ESP VR.,0.4
C.ENGORDE ESP VR.,0.04
FINALIZADOR VR.,0.32
LEVANTE R ESP VR,0.36
LEVANTE R ESP VR,0.2
LEVANTE R ESP VR,0.24
C. LEVANTE VR P.,0.12
C. LEVANTE VR P.,0.2
C. LEVANTE VR P.,0.24
C. LEVANTE VR P.,0.16
FINALIZADOR VR.,0.16
C. LEVANTE VR P.,0.24
C. LEVANTE VR P.,0.44
FINALIZADOR VR.,0.22
C. LEVANTE VR P.,0.7
C. LEVANTE VR P.,0.09
C. LEVANTE VR P.,1.15
FINALIZADOR VR.,0.28
C. LEVANTE VR P.,0.32
C.ENGORDE ESP VR.,0.24
C.ENGORDE ESP VR.,0.12
C.ENGORDE ESP VR.,0.24
LEVANTE R ESP VR,0.44
LEVANTE R ESP VR,0.6
LEVANTE R ESP VR,0.64
C. LEVANTE VR P.,0.92
C. LEVANTE VR P.,0.64
C. LEVANTE VR P.,0.4
C. FINALIZADOR P.,0.68
C. FINALIZADOR P.,0.76
C. FINALIZADOR P.,0.88
C. LEVANTE VR P.,0.76
C.LEVANTE P.,1.26
C.LEVANTE P.,0.64
C.LEVANTE P.,0.96
C.LEVANTE P.,0.64
C. ENGORDE ESP P.,0.72
C. ENGORDE ESP P.,0.72
C. ENGORDE ESP P.,1.8
C. ENGORDE ESP P.,0.56
C. ENGORDE ESP P.,0.6
C.LEVANTE P.,0.92
C.LEVANTE P.,0.6
C.LEVANTE P.,0.6
C. FINALIZADOR P.,0.72
C.LEVANTE P.,0.56
C.LEVANTE P.,0.28
C. ENGORDE ESP P.,0.52
C. FINALIZADOR P.,1.3
C. ENGORDE ESP P.,0.48
C. ENGORDE ESP P.,0.4
C. ENGORDE ESP P.,0.52
C. LEVANTE ESP. P,0.36
C. LEVANTE ESP. P,0.56
C. LEVANTE ESP. P,0.56
C. LEVANTE ESP. P,
C.LEVANTE P.,0.52
C. ENGORDE ESP P.,0.48
C. FINALIZADOR P.,0.24
C. FINALIZADOR P.,0.36
C. FINALIZADOR P.,0.12
C. FINALIZADOR P.,0.2
C.LEVANTE P.,0.64
C.LEVANTE P.,0.32
C.LEVANTE P.,0.12
C.LEVANTE P.,0.52
C.LEVANTE P.,0.32
C.LEVANTE P.,0.4
C.LEVANTE P.,0.44
C. ENGORDE ESP P.,0.32
C. LEVANTE ESP. P,0.24
C. ENGORDE ESP P.,0.32
C. LEVANTE ESP. P,0.24
C. LEVANTE ESP. P,0.44
C.LEVANTE P.,0.12
LEVANTE R ESP VR,0.12
LEVANTE R ESP VR,0.04
LEVANTE R ESP VR,0.12
LEVANTE R ESP VR,0.08
LEVANTE R ESP VR,0.12
LEVANTE R ESP VR,0.32
LEVANTE R ESP VR,0.12
LEVANTE R ESP VR,0.16
LEVANTE R ESP VR,0.08
LEVANTE R ESP VR,0.08
LEVANTE R ESP VR,0.36
LEVANTE R ESP VR,0.22
LEVANTE R ESP VR,0.32
LEVANTE R ESP VR,0.12
LEVANTE R ESP VR,0.04
LEVANTE R ESP VR,0.12
LEVANTE R ESP VR,0.36
LEVANTE R ESP VR,0.24
LEVANTE R ESP VR,0.08
LEVANTE R ESP VR,1.16
C. LEVANTE VR P.,0.12
C.ENGORDE ESP VR.,0.08
LEVANTE R ESP VR,0.12
C. LEVANTE VR P.,0.16
C. LEVANTE VR P.,0.32
C. LEVANTE VR P.,0.24
LEVANTE R ESP VR,0.22
C. LEVANTE VR P.,0.6
C.ENGORDE ESP VR.,0.12
LEVANTE R ESP VR,0.2
LEVANTE R ESP VR,0.24
LEVANTE R ESP VR,0.24
LEVANTE R ESP VR,0.18
C. LEVANTE VR P.,0.2
C. LEVANTE VR P.,0.36
C. LEVANTE VR P.,0.28
LEVANTE R ESP VR,0.12
LEVANTE R ESP VR,0.24
LEVANTE R ESP VR,0.12
LEVANTE R ESP VR,0.08
C. LEVANTE VR P.,0.12
C. LEVANTE VR P.,0.28
C. LEVANTE VR P.,0.12
FINALIZADOR VR.,0.24
C.ENGORDE ESP VR.,0.2
FINALIZADOR VR.,0.16
LEVANTE R ESP VR,0.08
LEVANTE R ESP VR,0.08
LEVANTE R ESP VR,0.12
C.ENGORDE ESP VR.,0.24
C.ENGORDE ESP VR.,0.24
C. LEVANTE VR P.,0.12
C. LEVANTE VR P.,0.16
FINALIZADOR VR.,0.16
FINALIZADOR VR.,0.24
FINALIZADOR VR.,0.04
FINALIZADOR VR.,0.16
FINALIZADOR VR.,0.12
FINALIZADOR VR.,0.16
FINALIZADOR VR.,0.16
FINALIZADOR VR.,0.24
FINALIZADOR VR.,0.24
FINALIZADOR VR.,0.2
FINALIZADOR VR.,0.28
FINALIZADOR VR.,0.12
FINALIZADOR VR.,0.2
FINALIZADOR VR.,0.2
FINALIZADOR VR.,0.08
C. LEVANTE VR P.,0.24
C. LEVANTE VR P.,0.16
LEVANTE R ESP VR,0.2
LEVANTE R ESP VR,0.32
LEVANTE R ESP VR,0.24
LEVANTE R ESP VR,0.28
C.ENGORDE ESP VR.,0.16
C. LEVANTE VR P.,0.12
C. LEVANTE VR P.,0.16
C. LEVANTE VR P.,0.32
C. LEVANTE VR P.,0.08
C. LEVANTE VR P.,0.28
C.ENGORDE ESP VR.,0.08
C. LEVANTE VR P.,0.12
C. LEVANTE VR P.,0.2
LEVANTE R ESP VR,0.08
C. LEVANTE VR P.,0.12
C. LEVANTE VR P.,0.16
C. LEVANTE VR P.,0.12
C. LEVANTE VR P.,0.64
C. LEVANTE VR P.,0.32
C. LEVANTE VR P.,0.52
C. LEVANTE VR P.,0.08
C. LEVANTE VR P.,0.04
FINALIZADOR VR.,0.08
FINALIZADOR VR.,0.12
FINALIZADOR VR.,0.16
FINALIZADOR VR.,0.12
LEVANTE R ESP VR,0.2
C.ENGORDE ESP VR.,0.08
C. LEVANTE VR P.,0.12
C. LEVANTE VR P.,0.12
C. LEVANTE VR P.,0.24
C. LEVANTE VR P.,0.24
C. LEVANTE VR P.,0.08
C. LEVANTE VR P.,0.32
C. LEVANTE VR P.,0.32
FINALIZADOR VR.,0.08
FINALIZADOR VR.,0.24
FINALIZADOR VR.,0.12
LEVANTE R ESP VR,0.12
LEVANTE R ESP VR,0.08
LEVANTE R ESP VR,0.4
LEVANTE R ESP VR,0.32
LEVANTE R ESP VR,0.34
LEVANTE R ESP VR,0.36
LEVANTE R ESP VR,0.32
C.ENGORDE ESP VR.,0.24
C. LEVANTE VR P.,0.28
FINALIZADOR VR.,0.12
C. LEVANTE VR P.,0.08
C. LEVANTE VR P.,0.08
C. LEVANTE VR P.,0.12
FINALIZADOR VR.,0.2
FINALIZADOR VR.,0.08
C. LEVANTE VR P.,0.04
C. LEVANTE VR P.,0.298
FINALIZADOR VR.,0.36
C. LEVANTE VR P.,0.08
C. LEVANTE VR P.,0.12
C. LEVANTE VR P.,0.2
C. LEVANTE VR P.,0.08
C. LEVANTE VR P.,0.16
C.ENGORDE ESP VR.,0.52
C.ENGORDE ESP VR.,0.32
LEVANTE R ESP VR,0.28
LEVANTE R ESP VR,0.36
LEVANTE R ESP VR,0.32
LEVANTE R ESP VR,0.12
LEVANTE R ESP VR,0.0
C. LEVANTE VR P.,0.32
C. LEVANTE VR P.,0.12
C. LEVANTE VR P.,0.6
FINALIZADOR VR.,0.16
LEVANTE R ESP VR,0.08
C. LEVANTE VR P.,0.3
C. LEVANTE VR P.,0.08
C. LEVANTE VR P.,0.16
C. LEVANTE VR P.,0.36
FINALIZADOR VR.,0.24
FINALIZADOR VR.,0.32
C.ENGORDE ESP VR.,0.36
C.ENGORDE ESP VR.,0.24
LEVANTE R ESP VR,0.12
LEVANTE R ESP VR,0.08
LEVANTE R ESP VR,0.32
C. LEVANTE VR P.,0.12
LEVANTE R ESP VR,0.12
C. LEVANTE VR P.,0.16
C. LEVANTE VR P.,0.12
FINALIZADOR VR.,0.12
FINALIZADOR VR.,0.16
C. LEVANTE VR P.,0.24
C. LEVANTE VR P.,0.12
C. LEVANTE VR P.,0.12
C. LEVANTE VR P.,0.04
C. LEVANTE VR P.,0.12
C.ENGORDE ESP VR.,0.36
C.ENGORDE ESP VR.,0.12
C.ENGORDE ESP VR.,0.28
LEVANTE R ESP VR,0.12
LEVANTE R ESP VR,0.04
LEVANTE R ESP VR,0.12
C. LEVANTE VR P.,0.16
C. LEVANTE VR P.,0.12
C. LEVANTE VR P.,0.12
FINALIZADOR VR.,0.08
FINALIZADOR VR.,0.12
C. LEVANTE VR P.,0.06
C. LEVANTE VR P.,0.16
FINALIZADOR VR.,0.2
C. LEVANTE VR P.,0.2
C. LEVANTE VR P.,0.28
C.ENGORDE ESP VR.,0.08
C.ENGORDE ESP VR.,0.2
C.ENGORDE ESP VR.,0.16
LEVANTE R ESP VR,0.16
C. LEVANTE VR P.,0.08
LEVANTE R ESP VR,0.2
C. LEVANTE VR P.,0.12
C. LEVANTE VR P.,0.08
C. LEVANTE VR P.,0.16
C. LEVANTE VR P.,0.2
C. LEVANTE VR P.,0.16
FINALIZADOR VR.,0.52
FINALIZADOR VR.,0.48
FINALIZADOR VR.,0.36
FINALIZADOR VR.,0.44
FINALIZADOR VR.,0.32
FINALIZADOR VR.,0.04
FINALIZADOR VR.,0.04
FINALIZADOR VR.,0.0
FINALIZADOR VR.,0.28
LEVANTE R ESP VR,0.12
